,test_id,delta_phi,sum_err,current_min,expected_minimal_error,diff,relative_dif
0,VRfNx3Krud5jD43PHgxJdc,"[-10, -9, -8, -7, -6, -5, -4, -3, -2, -1, 0, 1, 2, 3, 4, 5, 6, 7, 8, 9, 10]","[19.0589142, 18.3292236, 17.7939205, 17.4361076, 17.2416687, 17.1988869, 17.2981663, 17.1317631, 17.1935928, 17.3790932, 17.9850922, 19.7097111, 20.5523415, 21.5135536, 22.5951385, 23.8000832, 25.132618, 26.5983162, 28.2040863, 29.9583874, 31.8713226]",17.1317631,17.9850922,0.8533290999999998,-4.744646791413167
1,SVumrKz2o5MrZ4LmouTKTt,"[-10, -9, -8, -7, -6, -5, -4, -3, -2, -1, 0, 1, 2, 3, 4, 5, 6, 7, 8, 9, 10]","[20055.4609, 55277.8086, 3975.10156, 1310.41467, 644.359741, 384.223389, 257.318878, 186.482635, 143.193878, 114.959351, 95.62063599999999, 134.86264, 124.776764, 117.202576, 111.403412, 106.894157, 103.34549, 100.528084, 98.2786331, 96.4787903, 95.0415192]",95.0415192,95.62063599999999,0.5791167999999942,-0.6056399792195424
2,x9GsMzyJggmJVBFwtDdWgGy,"[-10, -9, -8, -7, -6, -5, -4, -3, -2, -1, 0, 1, 2, 3, 4, 5, 6, 7, 8, 9, 10]","[23.4744816, 23.1784153, 22.9926395, 22.8965454, 22.8744888, 22.9145317, 23.0075188, 23.1464157, 23.3258228, 23.541626, 23.7907467, 24.0709229, 24.3805656, 24.7186661, 25.0846939, 25.4785404, 25.9004612, 26.351099, 26.831377, 27.3425732, 27.8862495]",22.8744888,23.7907467,0.916257899999998,-3.8513204799914833
3,HGG3ZoLQDvNSCo68FfqnyR,"[-10, -9, -8, -7, -6, -5, -4, -3, -2, -1, 0, 1, 2, 3, 4, 5, 6, 7, 8, 9, 10]","[44.6777573, 44.5187416, 44.4110069, 44.3637581, 44.3952103, 44.5423164, 44.8857155, 45.6247559, 47.3629608, 52.694, 86.1176758, 2186.0083, 69.3867416, 50.709816, 46.8495178, 45.4832268, 44.8839417, 44.602272, 44.4793091, 44.4471817, 44.472847]",44.3637581,45.1176758,0.7539177000000024,-1.6710029642085473
4,HrsMvznCqa4BcUSMQxhswN,"[-10, -9, -8, -7, -6, -5, -4, -3, -2, -1, 0, 1, 2, 3, 4, 5, 6, 7, 8, 9, 10]","[2.78490877, 2.34737301, 1.94929814, 1.59037066, 1.2704438, 0.98954463, 0.747880459, 0.545850515, 0.384059668, 0.26333189, 0.184734136, 0.149598986, 0.159554362, 0.2165595, 0.322950274, 0.481487632, 0.695423961, 0.968580723, 1.30543709, 1.71125031, 2.19218659]",0.149598986,0.184734136,0.035135150000000004,-19.019305668552782
5,iZ6RWNFtznDcnW86BLoVzz,"[-10, -9, -8, -7, -6, -5, -4, -3, -2, -1, 0, 1, 2, 3, 4, 5, 6, 7, 8, 9, 10]","[109.184349, 98.084579, 88.7444839, 80.8205261, 74.0529327, 68.2427444, 63.236328099999994, 58.913848900000005, 55.181579600000006, 51.96595, 49.2092552, 55.8667336, 53.9038849, 52.2950439, 51.0219193, 50.072731, 49.4415283, 49.1277275, 49.136, 49.4760742, 50.1629257]",49.1277275,49.2092552,0.08152770000000231,-0.16567554145790508
6,JSoCQLK4JncUyGkTJmBf8U,"[-10, -9, -8, -7, -6, -5, -4, -3, -2, -1, 0, 1, 2, 3, 4, 5, 6, 7, 8, 9, 10]","[293.066589, 205.098114, 156.545746, 128.725357, 112.729172, 103.956284, 99.8983612, 99.1497192, 100.93251, 104.85878, 99.812302, 100.93251, 104.85878, 110.812302, 118.897392, 129.433929, 142.991623, 160.472443, 183.262604, 213.503494, 254.579483, 312.036957, 395.408, 522.113098]",99.1497192,99.812302,0.6625827999999956,-0.6638287933685725
7,grCYYqDppVgYjxEzo9gi8b,"[-10, -9, -8, -7, -6, -5, -4, -3, -2, -1, 0, 1, 2, 3, 4, 5, 6, 7, 8, 9, 10]","[5.67271471, 5.29475975, 4.94669056, 4.62807178, 4.33867407, 4.07845926, 3.84759, 3.64639974, 3.47541857, 3.33536601, 3.22714663, 3.15187955, 3.11088657, 3.10571933, 3.13817477, 3.21030688, 3.32445765, 3.48328471, 3.68978691, 3.9473505, 4.25978947]",3.10571933,3.22714663,0.12142730000000013,-3.7626830733749497
8,GXKoJAoFCeMDN9hNHHZJbw,"[-10, -9, -8, -7, -6, -5, -4, -3, -2, -1, 0, 1, 2, 3, 4, 5, 6, 7, 8, 9, 10]","[207.669739, 176.807358, 152.740906, 133.695251, 118.43403599999999, 106.074821, 95.976082, 87.662796, 80.7776, 75.0483704, 70.2648468, 85.2632141, 81.9144058, 79.1159363, 76.7859192, 74.8583679, 73.2801208, 72.0079727, 71.0069, 70.2485275, 69.7098694]",69.7098694,70.2648468,0.5549773999999985,-0.7898364904710764
9,DmDYBcDbmmYZFZEFtSzUHf,"[-10, -9, -8, -7, -6, -5, -4, -3, -2, -1, 0, 1, 2, 3, 4, 5, 6, 7, 8, 9, 10]","[12.2155399, 11.5836983, 10.9986668, 10.4575081, 9.9575558, 9.4964008, 9.0718632, 8.68196487, 8.32491493, 7.9990921, 7.70303, 8.4354, 8.19500351, 7.98075962, 7.7916975, 7.62694645, 7.48572826, 7.36735725, 7.27122355, 7.19680166, 7.1436348]",7.1436348,7.70303,0.5593952,-7.2620150771839125
10,a7JrStTEFDWRVJDJEE8iSi,"[-10, -9, -8, -7, -6, -5, -4, -3, -2, -1, 0, 1, 2, 3, 4, 5, 6, 7, 8, 9, 10]","[28.0797253, 28.2233543, 28.857172, 30.4078903, 33.9729118, 43.1510239, 76.1559296, 425.244293, 736.493958, 86.7046509, 26.6049, 26.1158566, 26.2051773, 26.2588043, 25.9044628, 25.9373875, 26.2607574, 26.827528, 27.6162777, 28.6201286]",25.9044628,26.6049,0.7004371999999996,-2.6327375784160045
11,EGeSryitfwa2bo5qB9Z94f,"[-10, -9, -8, -7, -6, -5, -4, -3, -2, -1, 0, 1, 2, 3, 4, 5, 6, 7, 8, 9, 10]","[43.6902885, 41.1539917, 38.7836227, 36.5679626, 34.4968338, 32.560997, 30.7520447, 29.0623627, 27.485, 26.0136642, 24.6425858, 32.3665428, 31.1808014, 30.0810509, 29.0633965, 28.1243095, 27.2606239, 26.4694901, 25.7483883, 25.0950775, 24.5075932]",24.5075932,24.6425858,0.13499260000000035,-0.5478020898277661
12,x7ametREFiSraNdMc3Su6Sd,"[-10, -9, -8, -7, -6, -5, -4, -3, -2, -1, 0, 1, 2, 3, 4, 5, 6, 7, 8, 9, 10]","[128.508942, 122.36729399999999, 116.732864, 111.55471, 106.788895, 102.397537, 98.34832, 94.613785, 91.171249, 88.002563, 84.0942688, 85.3379807, 84.0310669, 90.8780365, 88.9924316, 87.4000931, 86.1442337, 85.2936401, 84.9560242, 85.3011169, 86.6009]",84.0310669,84.0942688,0.0632018999999957,-0.07515601348566064
13,fumRDcrFqivMfX8wvHsy2i,"[-10, -9, -8, -7, -6, -5, -4, -3, -2, -1, 0, 1, 2, 3, 4, 5, 6, 7, 8, 9, 10]","[35.2497, 26.5853424, 20.6161442, 16.5030365, 13.7009258, 11.846283, 10.6915779, 10.0657444, 9.84957123, 9.96006107, 10.3404293, 10.9535837, 11.7780886, 12.8058367, 14.0411119, 15.500845, 17.2162628, 19.2361279, 21.6322098, 24.5081902, 28.0139694]",9.84957123,10.3404293,0.4908580699999998,-4.746979605575948
14,gVMc9vqN7G2m9EYvFDZKVT,"[-10, -9, -8, -7, -6, -5, -4, -3, -2, -1, 0, 1, 2, 3, 4, 5, 6, 7, 8, 9, 10]","[107.865875, 81.5305099, 69.4391174, 63.2479935, 59.8895302, 58.0476112, 57.0951462, 56.7110825, 56.7238197, 57.0406456, 57.6134415, 58.4212723, 59.4610977, 60.7428703, 62.287056, 64.1235886, 66.2919312, 68.8418121, 71.834671, 75.345993, 79.4680557]",56.7110825,57.6134415,0.902358999999997,-1.566229991659146
15,kcqGZAaauZU3gHx6LpaaJv,"[-10, -9, -8, -7, -6, -5, -4, -3, -2, -1, 0, 1, 2, 3, 4, 5, 6, 7, 8, 9, 10]","[177.051285, 173.486313, 170.441971, 167.724655, 165.127945, 162.400696, 159.190399, 154.933807, 148.681976, 139.861267, 140.852524, 815.648071, 290.341125, 239.143372, 221.976837, 214.037125, 209.873596, 207.622498, 206.476288, 206.028214, 206.050507]",139.861267,140.852524,0.9912569999999903,-0.7037552269918786
16,o9mEQL5eKtK5c8fdjA5e5P,"[-10, -9, -8, -7, -6, -5, -4, -3, -2, -1, 0, 1, 2, 3, 4, 5, 6, 7, 8, 9, 10]","[73.7809143, 69.7280426, 66.0695343, 62.7692947, 59.7980118, 57.132576, 54.7558861, 52.656765, 50.8302269, 49.2780457, 48.0095673, 48.0432434, 47.4084892, 47.1487617, 47.3256149, 48.0247345, 49.3646584, 51.5094719, 54.687973, 59.222683, 65.5755844]",47.1487617,48.0095673,0.8608055999999991,-1.7929876239480274
17,x8DL2scNsMvJaGeqBxMWU9n,"[-10, -9, -8, -7, -6, -5, -4, -3, -2, -1, 0, 1, 2, 3, 4, 5, 6, 7, 8, 9, 10]","[200.488174, 189.277832, 179.327301, 170.474426, 162.584244, 155.544571, 149.262527, 143.661865, 138.681366, 134.273315, 130.40332, 138.050232, 135.207199, 132.883621, 131.108521, 129.935822, 129.452515, 129.791412, 131.150711, 133.825592, 138.258972]",129.452515,130.40332,0.9508050000000026,-0.7291263750033378
18,CFPucPcFjWGdGqdpUGTDM9,"[-10, -9, -8, -7, -6, -5, -4, -3, -2, -1, 0, 1, 2, 3, 4, 5, 6, 7, 8, 9, 10]","[77.3942642, 73.956543, 70.9407959, 68.2974854, 65.9849625, 63.968500000000006, 62.2193947, 60.7144775, 59.4357147, 58.3701248, 57.5099525, 57.8531151, 57.4041061, 57.1754799, 57.1900444, 57.4844475, 58.1145554, 59.1637573, 60.7565193, 63.0801506, 66.4217377]",57.1754799,57.5099525,0.334472599999998,-0.5815908124771935
19,JFyUSoESZtgRLyCpBGPPEZ,"[-10, -9, -8, -7, -6, -5, -4, -3, -2, -1, 0, 1, 2, 3, 4, 5, 6, 7, 8, 9, 10]","[30.2248936, 27.5253086, 25.060667, 22.8211136, 20.7993755, 18.9911156, 17.3952808, 16.0147591, 14.8572378, 13.9365177, 13.2742929, 12.9028149, 12.8686886, 13.2385082, 14.1072941, 15.6114111, 17.9488144, 21.4114399, 26.4392891, 33.7130165, 44.3201332]",12.8686886,13.2742929,0.40560430000000025,-3.055562379522304
20,x748vyTMHhyrecXxanBWjAq,"[-10, -9, -8, -7, -6, -5, -4, -3, -2, -1, 0, 1, 2, 3, 4, 5, 6, 7, 8, 9, 10]","[23.7384338, 23.2971439, 22.9327106, 22.6485443, 22.4486198, 22.3375854, 22.3208618, 22.4048576, 22.5971241, 22.9066601, 22.3442631, 23.9230289, 24.6590157, 25.5721512, 26.6875668, 28.0374107, 29.6636, 31.6218739, 33.9879341, 36.8672791, 40.4108124]",22.3208618,22.3442631,0.023401299999999736,-0.10473068588240772
21,x6q86zD4g8aZbVVqZcdmEDZ,"[-10, -9, -8, -7, -6, -5, -4, -3, -2, -1, 0, 1, 2, 3, 4, 5, 6, 7, 8, 9, 10]","[40.9298401, 38.9156036, 37.3553123, 36.1646576, 35.2773094, 34.6406708, 34.2127075, 33.9595718, 33.8538895, 33.8733292, 33.999649, 34.2178459, 34.5155411, 34.8825, 35.3102341, 35.7917099, 36.3210754, 36.8934784, 37.5049133, 38.1520576, 38.8322144]",33.8538895,33.999649,0.14575949999999693,-0.42870883755299044
22,bEWNkMUyS9U6X2PDhjFM3d,"[-10, -9, -8, -7, -6, -5, -4, -3, -2, -1, 0, 1, 2, 3, 4, 5, 6, 7, 8, 9, 10]","[677.276367, 318.587677, 171.121872, 100.724297, 64.0544586, 44.0092049, 32.8728676, 26.8131542, 23.7858849, 22.6384277, 22.6927299, 23.5364208, 24.9124851, 26.658062, 28.6691952, 30.8797417, 33.2486153, 35.7515945, 38.3762, 41.1184807, 43.9806442]",22.6384277,22.6927299,0.054302199999998635,-0.23929337827265387
23,x5gMSVk4vgNeWihtwsCaD5R,"[-10, -9, -8, -7, -6, -5, -4, -3, -2, -1, 0, 1, 2, 3, 4, 5, 6, 7, 8, 9, 10]","[33.3949776, 30.9235935, 28.5135841, 26.1849556, 23.9677086, 21.9055901, 20.0611973, 18.5235329, 17.4193439, 16.9299278, 17.3172512, 18.9648399, 22.4438801, 28.6230202, 38.8578758, 55.3303757, 81.6885757, 124.323944, 195.11174, 317.84549, 545.240356]",16.9299278,17.3172512,0.38732339999999965,-2.23663325967114
24,F2GwHjD4J2wDoEq8ixXY25,"[-10, -9, -8, -7, -6, -5, -4, -3, -2, -1, 0, 1, 2, 3, 4, 5, 6, 7, 8, 9, 10]","[68.2285538, 66.7555237, 65.4793167, 64.3860779, 63.4643974, 62.7053795, 62.1028557, 61.6537666, 61.3588028, 61.2234383, 61.2594452, 61.4873581, 61.9401703, 62.6694031, 63.7548599, 65.3209534, 67.5653305, 70.8103714, 75.6017227, 82.9079132, 94.5563278]",61.2234383,61.2594452,0.03600690000000384,-0.05877771155525228
25,GnjwJnAQFuDeKzNeLJDnf6,"[-10, -9, -8, -7, -6, -5, -4, -3, -2, -1, 0, 1, 2, 3, 4, 5, 6, 7, 8, 9, 10]","[107.513794, 98.723381, 90.980476, 84.1466293, 78.1080093, 72.7703171, 68.0552521, 63.897270199999994, 60.2414703, 57.0416946, 54.2590103, 54.1076, 54.0165477, 54.0006437, 53.8076477, 53.9820137, 54.317477, 54.2693367, 53.9962845, 54.14325, 54.2219429]",53.8076477,54.2590103,0.45136260000000306,-0.8318666291633466
26,BXjdVB53kVCLDT8jmdLXDL,"[-10, -9, -8, -7, -6, -5, -4, -3, -2, -1, 0, 1, 2, 3, 4, 5, 6, 7, 8, 9, 10]","[97.1135483, 90.647438, 85.5340881, 81.5598907, 78.5602875, 76.4095306, 75.0134583, 74.3039551, 74.235405, 74.7821198, 74.9370499, 77.7111435, 80.133873, 83.2545319, 87.1445312, 91.9011765, 97.6524506, 104.564262, 112.850349, 122.785225, 134.722855]",74.235405,74.9370499,0.7016449000000051,-0.9363124128002337
27,MKpZPvonb2ueXFA55aRuYu,"[-10, -9, -8, -7, -6, -5, -4, -3, -2, -1, 0, 1, 2, 3, 4, 5, 6, 7, 8, 9, 10]","[80.1761856, 59.7366333, 47.9203949, 40.7086792, 36.1568756, 33.2408371, 31.3843269, 30.2453384, 29.6117458, 29.346983, 29.3602676, 29.5895195, 29.9912281, 30.5342159, 31.1956806, 31.9586544, 32.8103104, 33.7408066, 34.7424965, 35.8093948, 36.9367447]",29.346983,29.3602676,0.013284599999998647,-0.045246862804474736
28,cajucmziWvqioudNXC7mQm,"[-10, -9, -8, -7, -6, -5, -4, -3, -2, -1, 0, 1, 2, 3, 4, 5, 6, 7, 8, 9, 10]","[12.3337545, 11.7036648, 11.1555519, 10.6843052, 10.2865124, 9.96008205, 9.703969, 9.51798439, 9.40267181, 9.35921192, 9.38935852, 9.4954071, 9.68017101, 9.94697857, 10.2996826, 10.7426634, 11.2808685, 11.9198561, 12.6658058, 13.5256271, 14.5069857]",9.35921192,9.38935852,0.030146600000000134,-0.32107198735446874
29,XCi6uNXM2CEn4CfSNV2232,"[-10, -9, -8, -7, -6, -5, -4, -3, -2, -1, 0, 1, 2, 3, 4, 5, 6, 7, 8, 9, 10]","[25754.9805, 5576.81445, 2085.36084, 986.243652, 538.90387, 330.498962, 226.473679, 173.782898, 148.7314, 139.79747, 140.079956, 149.5065, 163.545166, 182.577499, 206.584946, 235.99939, 271.645142, 314.743927, 366.96994, 430.551758, 508.440369]",139.79747,140.079956,0.2824860000000058,-0.20166054306870695
30,UNn9jRcMf6B9Z4XUDkCMUi,"[-10, -9, -8, -7, -6, -5, -4, -3, -2, -1, 0, 1, 2, 3, 4, 5, 6, 7, 8, 9, 10]","[111.198151, 107.633812, 104.328308, 101.259155, 98.4083786, 95.7642517, 93.3239212, 91.0988388, 89.1248245, 87.4814148, 86.3311462, 86.0034866, 87.1882477, 91.4268265, 102.531837, 131.515503, 219.218887, 607.908203, 7117.07764, 6167.77, 1022.54449]",86.0034866,86.3311462,0.32765960000000405,-0.37953810927162696
31,gfSswo4n2UABSVvXpkVA9S,"[-10, -9, -8, -7, -6, -5, -4, -3, -2, -1, 0, 1, 2, 3, 4, 5, 6, 7, 8, 9, 10]","[44.053318, 41.5350113, 39.2974, 37.3362274, 35.6541824, 34.2600784, 33.1682739, 32.3985062, 31.9759254, 31.9312668, 32.3013115, 33.129467, 34.4665642, 36.3718834, 38.9143944, 42.1743622, 46.2451553, 51.235775, 57.2734222, 64.50737, 73.1129379]",31.9312668,32.3013115,0.37004469999999756,-1.145602710280038
32,YDbTjZztQbpvmRBhjscD9Y,"[-10, -9, -8, -7, -6, -5, -4, -3, -2, -1, 0, 1, 2, 3, 4, 5, 6, 7, 8, 9, 10]","[83.665741, 81.5475922, 79.6688538, 78.0231628, 76.6073608, 75.4213409, 74.4680328, 73.753418, 73.2866669, 73.0803452, 73.1505814, 73.5175171, 74.2057114, 75.2447205, 76.6697693, 78.522644, 80.8528, 83.7185898, 87.1889725, 91.3454437, 96.284523]",73.0803452,73.1505814,0.07023619999999653,-0.09601591491929896
33,RnFepgupsK5zKDQ8SM9P32,"[-10, -9, -8, -7, -6, -5, -4, -3, -2, -1, 0, 1, 2, 3, 4, 5, 6, 7, 8, 9, 10]","[59.2839432, 54.79813, 51.1551399, 48.2127609, 45.8658524, 44.0375023, 42.6729202, 41.7351646, 41.2021065, 41.0645, 41.3246536, 41.9958649, 43.1022797, 44.6793213, 46.7745323, 49.4490356, 52.7795, 56.8608627, 61.8100128, 67.7702789, 74.9178696]",41.0645,41.3246536,0.2601535999999953,-0.6295360694807987
34,f9i7ruDvy342YGdtrsrZ9G,"[-10, -9, -8, -7, -6, -5, -4, -3, -2, -1, 0, 1, 2, 3, 4, 5, 6, 7, 8, 9, 10]","[87.6226578, 86.1727753, 84.843605, 83.6324, 82.5380096, 81.5609741, 80.7044, 79.9743729, 79.3814468, 78.9422913, 78.682373, 78.6403122, 78.8746796, 79.4752197, 80.581955, 82.4189758, 85.3567429, 90.0336533, 97.6091156, 110.335464, 132.994019]",78.6403122,78.682373,0.042060800000001564,-0.05345644570226875
35,mJZL83R4fXE4TSFxawxco4,"[-10, -9, -8, -7, -6, -5, -4, -3, -2, -1, 0, 1, 2, 3, 4, 5, 6, 7, 8, 9, 10]","[66.5725403, 60.6000481, 56.359787, 53.3190041, 51.1343422, 49.5780563, 48.495491, 47.7795181, 47.3547783, 47.1676483, 47.1796532, 47.3631172, 47.6982117, 48.1708908, 48.7714653, 49.4936218, 50.3336372, 51.2899437, 52.362648, 53.5533905, 54.8650665]",47.1676483,47.1796532,0.012004899999993768,-0.02544507893922749
36,PPUn7tBQgqS9a9o6Qfey2R,"[-10, -9, -8, -7, -6, -5, -4, -3, -2, -1, 0, 1, 2, 3, 4, 5, 6, 7, 8, 9, 10]","[15.7164516, 14.2136765, 13.0651331, 12.1821251, 11.5062227, 10.9979801, 10.6302481, 10.384059, 10.2460403, 10.2067461, 10.2595444, 10.3998623, 10.6246939, 10.9322176, 11.3215704, 11.7926559, 12.3460274, 12.9827986, 13.7045813, 14.5134449, 15.4119005]",10.2067461,10.2595444,0.05279829999999919,-0.5146261660507965
37,LDWDCrxgQa9gQAqdDGGH3x,"[-10, -9, -8, -7, -6, -5, -4, -3, -2, -1, 0, 1, 2, 3, 4, 5, 6, 7, 8, 9, 10]","[68.8414764, 67.7519455, 66.7635269, 65.8776932, 65.0971298, 64.4260941, 63.8707237, 63.4394951, 63.1438293, 62.9988899, 63.0247574, 63.2478523, 63.703167, 64.4371185, 65.5118332, 67.0112534, 69.0501556, 71.7876434, 75.4481354, 80.3542252, 86.9801]",62.9988899,63.0247574,0.025867499999996824,-0.041043394797735194
38,dbVazjxnjQurvBANdqKXZf,"[-10, -9, -8, -7, -6, -5, -4, -3, -2, -1, 0, 1, 2, 3, 4, 5, 6, 7, 8, 9, 10]","[86.6410599, 84.2735062, 82.3846588, 80.8778305, 79.6803055, 78.7369614, 78.0058746, 77.4550781, 77.0603561, 76.8035049, 76.671196, 76.6540527, 76.7459793, 76.9437714, 77.2467346, 77.6564789, 78.1769104, 78.8140793, 79.5763, 80.4742813, 81.5213318]",76.6540527,76.671196,0.01714330000000075,-0.022359505126280734
39,cxRiGhJ7zNUAyBzhBa3Lfs,"[-10, -9, -8, -7, -6, -5, -4, -3, -2, -1, 0, 1, 2, 3, 4, 5, 6, 7, 8, 9, 10]","[85.3693924, 84.6896362, 84.172081, 83.8109741, 83.6018906, 83.5417099, 83.6286316, 83.8620453, 84.2426605, 84.7725143, 84.4550705, 86.2952194, 87.2995224, 88.4763107, 89.8359, 91.3908234, 93.1562195, 95.1501389, 97.3941, 99.9136429, 102.73909]",83.5417099,84.4550705,0.9133606000000043,-1.0814751495589647
40,x5wWGGUGHhX9XkC3dLkdBdV,"[-10, -9, -8, -7, -6, -5, -4, -3, -2, -1, 0, 1, 2, 3, 4, 5, 6, 7, 8, 9, 10]","[63.4809456, 62.9543953, 62.5049629, 62.1321564, 61.8357086, 61.6155167, 61.4717102, 61.4045792, 61.4146423, 61.5026131, 61.6694221, 61.9162025, 62.2443428, 62.6554527, 63.1513939, 63.7343025, 64.4065781, 65.1709671, 66.0304871, 66.9885559, 68.0489273]",61.4045792,61.6694221,0.2648428999999979,-0.4294557837278613
41,Ren9VVTjXnUoDrMCqrq58v,"[-10, -9, -8, -7, -6, -5, -4, -3, -2, -1, 0, 1, 2, 3, 4, 5, 6, 7, 8, 9, 10]","[70.9510193, 61.4223595, 54.5359, 49.5737686, 46.0385323, 43.5778885, 41.9379539, 40.9327278, 40.4239845, 40.3077583, 40.504921, 40.9546814, 41.6099396, 42.4338684, 43.3975525, 44.4780922, 45.6573296, 46.9207726, 48.2568359, 49.6562576, 51.1116447]",40.3077583,40.504921,0.1971626999999998,-0.4867623368528476
42,fdthhZCKYtPyNLkPeKzUFk,"[-10, -9, -8, -7, -6, -5, -4, -3, -2, -1, 0, 1, 2, 3, 4, 5, 6, 7, 8, 9, 10]","[76.7252, 75.5498657, 74.4892044, 73.5358505, 72.6831207, 71.9251099, 71.2563858, 70.6721573, 70.1680374, 69.7401276, 69.3849106, 69.0992355, 68.8802872, 68.7255478, 68.6328, 68.6000366, 68.6255493, 68.7078476, 68.8456421, 69.0378265, 69.2835312]",68.6000366,69.3849106,0.7848740000000021,-1.1311883134428973
43,C5VtWXpTS3h65M2NPfsicQ,"[-10, -9, -8, -7, -6, -5, -4, -3, -2, -1, 0, 1, 2, 3, 4, 5, 6, 7, 8, 9, 10]","[46.4873924, 43.0955772, 40.6090698, 38.7698669, 37.4124031, 36.4272, 35.7400703, 35.2997398, 35.0702171, 35.0259476, 35.1487, 35.4254799, 35.847126, 36.4073334, 37.1019897, 37.9286842, 38.8863907, 39.9752083, 41.1961899, 42.5512352, 44.0429955]",35.0259476,35.1487,0.12275239999999599,-0.3492373828903942
44,htZ63gzLmCEwxVDFiTE5n2,"[-10, -9, -8, -7, -6, -5, -4, -3, -2, -1, 0, 1, 2, 3, 4, 5, 6, 7, 8, 9, 10]","[80.2420044, 76.8709564, 74.2889099, 72.3180771, 70.8282928, 69.722847, 68.9288712, 68.3908768, 68.0661545, 67.9215622, 67.9311523, 68.0745392, 68.3355713, 68.7014771, 69.1620941, 69.7093811, 70.3370056, 71.039978, 71.8144608, 72.6575699, 73.5672]",67.9215622,67.9311523,0.009590099999996937,-0.014117381606666693
45,nbvUfjN7hAzQ8FVuxusoBP,"[-10, -9, -8, -7, -6, -5, -4, -3, -2, -1, 0, 1, 2, 3, 4, 5, 6, 7, 8, 9, 10]","[66.938118, 62.4839859, 58.770649, 55.6990318, 53.1859703, 51.1613731, 49.5660591, 48.3500557, 47.4710732, 46.8935089, 46.5874405, 46.5279694, 46.6946182, 47.0709, 47.6440277, 48.4047165, 49.3470917, 50.4686928, 51.7706642, 53.2579842, 54.9399567]",46.5279694,46.5874405,0.05947109999999611,-0.12765479142387337
46,fk7Dr7ibLGrcSStcEokWaN,"[-10, -9, -8, -7, -6, -5, -4, -3, -2, -1, 0, 1, 2, 3, 4, 5, 6, 7, 8, 9, 10]","[111.823334, 107.26606, 103.089935, 99.2757263, 95.8112335, 92.6928635, 89.9281082, 87.5394516, 85.5704575, 84.0953445, 83.2344131, 83.1794, 84.2363205, 86.9004059, 91.9930878, 100.92392, 116.225281, 142.724243, 190.369278, 281.964783, 478.257599]",83.1794,83.2344131,0.055013099999996484,-0.0660941766164703
47,Eret4wzFhUn5FCMMHFrSec,"[-10, -9, -8, -7, -6, -5, -4, -3, -2, -1, 0, 1, 2, 3, 4, 5, 6, 7, 8, 9, 10]","[384.239319, 181.479736, 110.12149, 78.7606, 63.1300774, 54.7555275, 50.123848, 47.5968437, 46.342392, 45.9100075, 46.0437889, 46.593132, 47.4672699, 48.6108932, 49.9904442, 51.5861778, 53.3873901, 55.3895073, 57.5922852, 59.9985199, 62.6134415]",45.9100075,46.0437889,0.13378140000000371,-0.2905525439936237
48,cENY9rAMrP7CSwmHHhzfbC,"[-10, -9, -8, -7, -6, -5, -4, -3, -2, -1, 0, 1, 2, 3, 4, 5, 6, 7, 8, 9, 10]","[78.9656754, 78.0589371, 77.2399216, 76.5097198, 75.8702927, 75.3245163, 74.8762207, 74.5302505, 74.2926, 74.1705704, 74.1728058, 74.3096085, 74.5930939, 75.0374527, 75.6593, 76.4781113, 77.5165863, 78.8013382, 80.3635712, 82.2398911, 84.4734726]",74.1705704,74.1728058,0.002235400000003551,-0.003013773007362155
49,x5iNSArgz767ajyHUKwBqAa,"[-10, -9, -8, -7, -6, -5, -4, -3, -2, -1, 0, 1, 2, 3, 4, 5, 6, 7, 8, 9, 10]","[64.8465805, 61.6320534, 58.6723022, 55.9857712, 53.5940437, 51.5222397, 49.7992897, 48.4583473, 47.5373878, 47.0797729, 47.1350098, 47.7596512, 49.0183792, 50.9852219, 53.7451057, 57.3955879, 62.0491486, 67.8355103, 74.9051514, 83.4328613, 93.6223373]",47.0797729,47.1350098,0.055236899999997036,-0.1171886889052838
50,NSdHUuQnoeu65jfwcvrybi,"[-10, -9, -8, -7, -6, -5, -4, -3, -2, -1, 0, 1, 2, 3, 4, 5, 6, 7, 8, 9, 10]","[80.7627869, 73.5728149, 67.6768951, 62.8650513, 58.9670753, 55.8439903, 53.3815079, 51.4851036, 50.076107, 49.088726, 48.4676094, 48.1660461, 48.1444283, 48.36903, 48.8110199, 49.4457092, 50.2518806, 51.2112579, 52.3080177, 53.5285263, 54.8609238]",48.1444283,48.4676094,0.32318109999999933,-0.6667981028996229
51,CGepjfSaRrQVng852Gzx8A,"[-10, -9, -8, -7, -6, -5, -4, -3, -2, -1, 0, 1, 2, 3, 4, 5, 6, 7, 8, 9, 10]","[169.784973, 150.664551, 135.542313, 123.529617, 113.968269, 106.364937, 100.345238, 95.6223145, 91.9746552, 89.2300262, 87.254158, 87.2420547, 87.2118912, 87.0001831, 87.2583313, 87.9499893, 89.0490189, 90.5379562, 92.4069366, 94.6528931, 97.2788849]",87.0001831,87.254158,0.2539749000000029,-0.29107483909248527
52,a4J5eV5S5jec3zdjHgKrwU,"[-10, -9, -8, -7, -6, -5, -4, -3, -2, -1, 0, 1, 2, 3, 4, 5, 6, 7, 8, 9, 10]","[78.4174347, 77.0543823, 75.8907623, 74.9136353, 74.1117859, 73.4753876, 72.9959412, 72.6661911, 72.4799194, 72.4318848, 72.5178146, 72.73423, 73.0784912, 73.5486832, 74.1436234, 74.8628769, 75.7066116, 76.6757736, 77.7719421, 78.9973907, 80.3551102]",72.4318848,72.5178146,0.08592979999998818,-0.11849474570347598
53,x7q9FGCkskedBq72k2PboMT,"[-10, -9, -8, -7, -6, -5, -4, -3, -2, -1, 0, 1, 2, 3, 4, 5, 6, 7, 8, 9, 10]","[161.627167, 128.955658, 107.048943, 92.1070786, 81.8380127, 74.8052826, 70.0801392, 67.0467453, 65.2887497, 64.5204544, 64.5441, 65.2225952, 66.461647, 68.1978226, 70.3905563, 73.016655, 76.0665741, 79.5417938, 83.4531479, 87.819664, 92.6678848]",64.5204544,64.5441,0.023645599999994715,-0.0366347969837595
54,W8T6FjjUmgTvQfKgzH5A5Y,"[-10, -9, -8, -7, -6, -5, -4, -3, -2, -1, 0, 1, 2, 3, 4, 5, 6, 7, 8, 9, 10]","[97.8918686, 94.2604294, 90.9870453, 88.0567169, 85.457016, 83.178627, 81.2156448, 79.5665894, 78.2355728, 77.2344742, 76.5859299, 76.3285599, 76.5250854, 77.2761612, 78.7441483, 81.1962, 85.08535, 91.2132645, 101.080315, 117.711266, 147.843735]",76.3285599,76.5859299,0.25736999999999455,-0.33605389441121686
55,YKcJrmny5vRh2ZxhQD6rSE,"[-10, -9, -8, -7, -6, -5, -4, -3, -2, -1, 0, 1, 2, 3, 4, 5, 6, 7, 8, 9, 10]","[120.510414, 117.524803, 115.031906, 113.01236, 111.453949, 110.35202, 109.710342, 109.542343, 109.872925, 110.741074, 110.203453, 114.339638, 117.259537, 121.113785, 126.109367, 132.532547, 140.783615, 151.431061, 165.297562, 183.602524, 208.20433]",109.542343,110.203453,0.6611099999999936,-0.5998995330935717
56,CMweUETuWETxx2KMcjVK75,"[-10, -9, -8, -7, -6, -5, -4, -3, -2, -1, 0, 1, 2, 3, 4, 5, 6, 7, 8, 9, 10]","[80.554512, 78.6142197, 76.8861465, 75.3694153, 74.0658569, 72.9795914, 72.1167831, 71.4856, 71.0961, 70.9602127, 71.0918732, 71.5069504, 72.2235489, 73.2620468, 74.6453857, 76.399231, 78.5523758, 81.137, 84.1891098, 87.7490387, 91.8619232]",70.9602127,71.0918732,0.1316604999999953,-0.18519768023216937
57,x9AFGFkr5YfgnUB8dwEnqNQ,"[-10, -9, -8, -7, -6, -5, -4, -3, -2, -1, 0, 1, 2, 3, 4, 5, 6, 7, 8, 9, 10]","[252.387222, 403.661957, 1620.78711, 3799.77905, 299.639618, 153.574875, 123.544159, 114.467514, 111.593491, 111.143951, 111.870834, 113.298279, 115.232353, 117.596367, 120.367447, 123.549927, 127.163452, 131.237259, 135.807648, 140.916855, 146.612717]",111.143951,111.870834,0.7268830000000008,-0.6497520166873886
58,hwZUsokzCUm2fiaTF5kU4b,"[-10, -9, -8, -7, -6, -5, -4, -3, -2, -1, 0, 1, 2, 3, 4, 5, 6, 7, 8, 9, 10]","[120.536827, 116.270515, 112.429886, 108.990967, 105.934494, 103.246414, 100.918518, 98.95, 97.3489761, 96.1358719, 95.3477783, 95.0457382, 95.3259583, 96.3381805, 98.3162079, 101.630226, 106.881042, 115.076477, 127.983261, 148.878738, 184.307831]",95.0457382,95.3477783,0.30204009999999926,-0.3167772814272268
59,SZgyySnBaEPeLfx5ZrNRSx,"[-10, -9, -8, -7, -6, -5, -4, -3, -2, -1, 0, 1, 2, 3, 4, 5, 6, 7, 8, 9, 10]","[119.419609, 117.581558, 115.970039, 114.576317, 113.395004, 112.423653, 111.662552, 111.11467, 110.785416, 110.682678, 110.81691, 111.201172, 111.851311, 112.786095, 114.027611, 115.601486, 117.537338, 119.869301, 122.636612, 125.884331, 129.664261]",110.682678,110.81691,0.13423199999999724,-0.12112952797546624
60,PriNkcyYmqGts25R2ugSuH,"[-10, -9, -8, -7, -6, -5, -4, -3, -2, -1, 0, 1, 2, 3, 4, 5, 6, 7, 8, 9, 10]","[85.7969742, 79.2599411, 73.8085098, 69.2951889, 65.6111908, 62.6782227, 60.4424171, 58.8701859, 57.94524, 57.666523, 58.0469933, 59.1129646, 60.9039955, 63.4732475, 66.8883362, 71.2325821, 76.6069412, 83.1322556, 90.9525146, 100.238785, 111.193756]",57.666523,58.0469933,0.38047029999999893,-0.6554522092705859
61,HEagvuDYCbBp4kySntvmzK,"[-10, -9, -8, -7, -6, -5, -4, -3, -2, -1, 0, 1, 2, 3, 4, 5, 6, 7, 8, 9, 10]","[178.027939, 166.326538, 156.636353, 149.056183, 144.057373, 143.384842, 155.983582, 359.158722, 169.394592, 109.028412, 105.4748, 105.082611, 105.581329, 106.677238, 108.307327, 110.445297, 113.070587, 116.163124, 119.702919, 123.670494, 128.047211]",105.082611,105.4748,0.3921890000000019,-0.37183194469200403
62,FySK2trVy6Fg9W4eK8359v,"[-10, -9, -8, -7, -6, -5, -4, -3, -2, -1, 0, 1, 2, 3, 4, 5, 6, 7, 8, 9, 10]","[420.044739, 390.760529, 364.055878, 339.65332, 317.313904, 296.830444, 278.023346, 260.735718, 244.830627, 230.187775, 216.70163000000002, 216.488083, 228.283142, 222.090912, 235.095245, 242.561859, 250.722046, 259.6203, 269.306885, 279.83847, 291.279297]",216.488083,216.70163000000002,0.2135470000000339,-0.09854425183605396
63,x95iuKuwcktA9jhtnbX88J7,"[-10, -9, -8, -7, -6, -5, -4, -3, -2, -1, 0, 1, 2, 3, 4, 5, 6, 7, 8, 9, 10]","[100.970764, 103.292145, 105.891037, 108.774628, 111.950958, 115.428947, 119.218376, 123.330109, 127.775955, 132.568848, 101.72297699999999, 143.253784, 149.178085, 155.514221, 162.282089, 169.503418, 177.201859, 185.403107, 194.135178, 203.428452, 213.316269]",100.970764,101.72297699999999,0.7522129999999834,-0.7394720663749189
64,W6G26wyydnrr7jtQQoSQwL,"[-10, -9, -8, -7, -6, -5, -4, -3, -2, -1, 0, 1, 2, 3, 4, 5, 6, 7, 8, 9, 10]","[98.365715, 95.8643341, 93.7733841, 92.0441055, 90.6370239, 89.5200043, 88.6666489, 88.055069, 87.6671143, 87.4876328, 87.5039215, 87.705368, 88.0830154, 88.6294479, 89.3384705, 90.2049789, 91.2248, 92.3946457, 93.7119598, 95.1748505, 96.782074]",87.4876328,87.5039215,0.01628870000000404,-0.0186148228796855
65,BqRZy5RjszboLUaSG9yiYE,"[-10, -9, -8, -7, -6, -5, -4, -3, -2, -1, 0, 1, 2, 3, 4, 5, 6, 7, 8, 9, 10]","[161.386459, 156.725815, 152.585953, 148.932938, 145.737167, 142.97348, 140.621033, 138.663422, 137.089172, 135.892532, 135.074326, 134.643753, 134.620895, 135.040375, 135.95726, 137.455917, 139.664154, 142.776382, 147.092102, 153.083481, 161.51796]",134.620895,135.074326,0.45343100000002323,-0.3356899963358123
66,x3Jgq8CL5ri87om5FoiZXBm,"[-10, -9, -8, -7, -6, -5, -4, -3, -2, -1, 0, 1, 2, 3, 4, 5, 6, 7, 8, 9, 10]","[92.5721664, 90.1658401, 88.1333847, 86.4322815, 85.0296249, 83.9000931, 83.0241928, 82.3869934, 81.9772568, 81.7868118, 81.8099, 82.0428848, 82.483963, 83.1329041, 83.9909, 85.0604248, 86.3452, 87.8500595, 89.5810547, 91.5453, 93.7510223]",81.7868118,81.8099,0.023088200000003667,-0.028221767781165443
67,mnWvGT6DSoS7sNjGBCHwjc,"[-10, -9, -8, -7, -6, -5, -4, -3, -2, -1, 0, 1, 2, 3, 4, 5, 6, 7, 8, 9, 10]","[130.362915, 127.131317, 124.190483, 121.535324, 119.163383, 117.07547, 115.27636, 113.77581, 112.590012, 111.743629, 111.272873, 111.229866, 111.689201, 112.757828, 114.590439, 117.413925, 121.567085, 127.56823, 136.233231, 148.893188, 167.816208]",111.229866,111.272873,0.043007000000002904,-0.0386500310817021
68,fpK2vtQqxFDSaPSGijzntU,"[-10, -9, -8, -7, -6, -5, -4, -3, -2, -1, 0, 1, 2, 3, 4, 5, 6, 7, 8, 9, 10]","[181.989258, 175.298462, 169.70285, 165.002457, 161.050171, 157.737366, 154.98465, 152.734558, 150.947189, 149.596649, 148.668747, 148.159393, 148.073517, 148.4245, 149.233856, 150.531296, 152.355316, 154.753433, 157.783478, 161.51474, 166.029633]",148.073517,148.668747,0.5952299999999866,-0.40037332123340397
69,VgiVzGZ5hf3RhmJKENdMfd,"[-10, -9, -8, -7, -6, -5, -4, -3, -2, -1, 0, 1, 2, 3, 4, 5, 6, 7, 8, 9, 10]","[335.192322, 247.798141, 197.307968, 166.758911, 147.757446, 135.815186, 128.383682, 123.945068, 121.559822, 120.62796, 120.756416, 121.682442, 123.227608, 125.269409, 127.72332, 130.531052, 133.652817, 137.062134, 140.742218, 144.683578, 148.882217]",120.62796,120.756416,0.1284559999999999,-0.10637612828787492
70,x7iRqAtTyY6J5MTiioDDGmo,"[-10, -9, -8, -7, -6, -5, -4, -3, -2, -1, 0, 1, 2, 3, 4, 5, 6, 7, 8, 9, 10]","[204.189774, 201.539536, 199.180893, 197.103149, 195.296768, 193.753525, 192.466293, 191.429062, 190.63707, 190.086563, 189.775208, 189.701782, 189.866562, 190.27124, 190.919296, 191.816116, 192.969269, 194.389038, 196.088837, 198.086075, 200.402695]",189.701782,189.775208,0.07342599999998356,-0.038691039137200456
71,b8gaMoohomc9g4JpJaYRRa,"[-10, -9, -8, -7, -6, -5, -4, -3, -2, -1, 0, 1, 2, 3, 4, 5, 6, 7, 8, 9, 10]","[144.258224, 142.255798, 140.453293, 138.838303, 137.399673, 136.127609, 135.013336, 134.049118, 133.228104, 132.544373, 131.992722, 131.568634, 131.268295, 131.088654, 131.0271, 131.081635, 131.250946, 131.534149, 131.930954, 132.441589, 133.066833]",131.0271,131.992722,0.9656219999999962,-0.7315721544101472
72,RZCag9N8CX8uECJpEgmcRc,"[-10, -9, -8, -7, -6, -5, -4, -3, -2, -1, 0, 1, 2, 3, 4, 5, 6, 7, 8, 9, 10]","[93.516777, 91.5774307, 89.9527435, 88.6096191, 87.5219, 86.668869, 86.0340652, 85.6045, 85.3698959, 85.3223267, 85.4556961, 85.7655487, 86.2487869, 86.9035187, 87.72892, 88.7251358, 89.8931732, 91.2349243, 92.7529907, 94.4507904, 96.3324738]",85.3223267,85.4556961,0.1333693999999923,-0.1560684730060871
73,JPa4zAJtdZf729JEnt9XuL,"[-10, -9, -8, -7, -6, -5, -4, -3, -2, -1, 0, 1, 2, 3, 4, 5, 6, 7, 8, 9, 10]","[144.297394, 143.245819, 142.333008, 141.558105, 140.920944, 140.422241, 140.063278, 139.846252, 139.774231, 139.851089, 140.081741, 140.472137, 141.029343, 141.761765, 142.679153, 143.792908, 145.116241, 146.664383, 148.454834, 150.507797, 152.846588]",139.774231,140.081741,0.3075100000000077,-0.219521829044092
74,maWWfLHdtuAV4yQTamyEMz,"[-10, -9, -8, -7, -6, -5, -4, -3, -2, -1, 0, 1, 2, 3, 4, 5, 6, 7, 8, 9, 10]","[153.277054, 151.930908, 150.735855, 149.681351, 148.758484, 147.959595, 147.278351, 146.709335, 146.248032, 145.890793, 145.634689, 145.477432, 145.417358, 145.453339, 145.584808, 145.811707, 146.13446, 146.55394, 147.071503, 147.68898, 148.408615]",145.417358,145.634689,0.2173310000000015,-0.14923024280293654
75,x4pCU9Zc9sTECRpMRFWG8CP,"[-10, -9, -8, -7, -6, -5, -4, -3, -2, -1, 0, 1, 2, 3, 4, 5, 6, 7, 8, 9, 10]","[194.576141, 183.503967, 173.874527, 165.56636, 158.472366, 152.499039, 147.566391, 143.6091, 140.579163, 138.452072, 137.238403, 137.007721, 137.93808, 140.426346, 145.353867, 154.807816, 174.37384, 222.370453, 384.821106, 1588.32092, 43365.8203]",137.007721,137.238403,0.2306820000000016,-0.16808851965437224
76,U5YAs6CFd4CpnrgHSMGz5H,"[-10, -9, -8, -7, -6, -5, -4, -3, -2, -1, 0, 1, 2, 3, 4, 5, 6, 7, 8, 9, 10]","[141.003738, 137.705826, 134.878296, 132.50293, 130.565887, 129.0578, 127.97403, 127.314796, 127.085678, 127.298195, 127.970634, 129.129089, 130.808884, 133.056458, 135.931778, 139.511581, 143.893646, 149.202438, 155.596756, 163.280258, 172.515518]",127.085678,127.970634,0.8849560000000025,-0.6915305272301788
77,JsL4mnFBXG9PyUsRgK73KM,"[-10, -9, -8, -7, -6, -5, -4, -3, -2, -1, 0, 1, 2, 3, 4, 5, 6, 7, 8, 9, 10]","[163.443161, 155.746643, 149.756546, 145.00531, 141.188263, 138.100586, 135.600769, 133.588898, 131.993423, 130.762283, 129.857605, 129.25174, 128.924744, 128.862625, 129.055939, 129.49913, 130.18959, 131.127457, 132.315186, 133.757172, 135.45993]",128.862625,129.857605,0.9949799999999982,-0.7662084942965013
78,Cw9zSQNxnMUAPpv63ueZMp,"[-10, -9, -8, -7, -6, -5, -4, -3, -2, -1, 0, 1, 2, 3, 4, 5, 6, 7, 8, 9, 10]","[132.270874, 128.087646, 124.492928, 121.420013, 118.815613, 116.637604, 114.853653, 113.440109, 112.381111, 111.668152, 111.299805, 111.281693, 111.626648, 112.355309, 113.496819, 115.089737, 117.183762, 119.841347, 123.140488, 127.177704, 132.072418]",111.281693,111.299805,0.018112000000002126,-0.016273164180298543
79,o42dQv5S9wdSGvQuBCdyuS,"[-10, -9, -8, -7, -6, -5, -4, -3, -2, -1, 0, 1, 2, 3, 4, 5, 6, 7, 8, 9, 10]","[225.903015, 202.633026, 186.066284, 174.244949, 165.869949, 160.059067, 156.200638, 153.864334, 152.743744, 152.618988, 153.332245, 154.770386, 156.853867, 159.528381, 162.759323, 166.527466, 170.826492, 175.660736, 181.043869, 186.998154, 193.553711]",152.618988,153.332245,0.7132569999999987,-0.465170910397874
